{
  "ATE": {
    "num_poses": 40,
    "align": "se3",
    "scale": 1.0,
    "ATE_trans_m": {
      "rmse": 0.2880417252004671,
      "mean": 0.2041866246411847,
      "median": 0.15777884612755033,
      "std": 0.20316460758237723,
      "min": 0.04189677824736398,
      "max": 1.0135415749435077
    },
    "ATE_rot_deg": {
      "rmse": 97.76857894806089,
      "mean": 97.76843205460857,
      "median": 97.69636668454514,
      "std": 0.16947892672039858,
      "min": 97.54344902878155,
      "max": 98.1357597776609
    },
    "T_align": [
      [
        -0.1359771340068546,
        0.9892836342941708,
        -0.05317997691800067,
        -0.028739102255380566
      ],
      [
        -0.9850837216445537,
        -0.1407233341497573,
        -0.09903032150150799,
        0.16156601695722916
      ],
      [
        -0.10545274002224025,
        0.03892087028180393,
        0.9936623598981236,
        1.0001684909579467
      ],
      [
        0.0,
        0.0,
        0.0,
        1.0
      ]
    ]
  },
  "RPE": {
    "align": "se3",
    "scale": 1.0,
    "deltas": {
      "1": {
        "count": 39,
        "RPE_trans_m": {
          "rmse": 0.06544717150203316,
          "mean": 0.0460218731387666,
          "median": 0.027417670856632746,
          "std": 0.04653299313837244,
          "min": 0.01197870841577054,
          "max": 0.1851726793123524
        },
        "RPE_rot_deg": {
          "rmse": 0.11656541312553548,
          "mean": 0.09226341738655129,
          "median": 0.0767218331118627,
          "std": 0.0712387348938889,
          "min": 0.0,
          "max": 0.27323961442623546
        }
      },
      "10": {
        "count": 30,
        "RPE_trans_m": {
          "rmse": 0.3965556007518493,
          "mean": 0.2850045361062652,
          "median": 0.13743424749633404,
          "std": 0.27573312983120596,
          "min": 0.09576852206123104,
          "max": 1.1218037441198028
        },
        "RPE_rot_deg": {
          "rmse": 0.7050641460709011,
          "mean": 0.5265789434443123,
          "median": 0.27196937706565405,
          "std": 0.46886039115685685,
          "min": 0.10466819619877153,
          "max": 1.4531928666596894
        }
      }
    }
  }
}
