{
  "ATE": {
    "num_poses": 4541,
    "align": "se3",
    "scale": 1.0,
    "ATE_trans_m": {
      "rmse": 41.16323698536191,
      "mean": 33.25261818661679,
      "median": 25.15032863462306,
      "std": 24.262635117566052,
      "min": 5.321461548917505,
      "max": 148.87215879846534
    },
    "ATE_rot_deg": {
      "rmse": 15.634195695302832,
      "mean": 11.773683899954406,
      "median": 7.693644730626647,
      "std": 10.286323077902036,
      "min": 1.8972345295168311,
      "max": 41.33849530205606
    },
    "T_align": [
      [
        0.765287450716671,
        -0.03712123754827903,
        0.6426174067814088,
        -129.40921233926085
      ],
      [
        0.0477909132227752,
        0.9988570523338914,
        0.0007858856038627826,
        1.7641445046401492
      ],
      [
        -0.6419121017623144,
        0.030109844332600423,
        0.7661868250533643,
        73.57352255542972
      ],
      [
        0.0,
        0.0,
        0.0,
        1.0
      ]
    ]
  },
  "RPE": {
    "align": "se3",
    "scale": 1.0,
    "deltas": {
      "1": {
        "count": 4540,
        "RPE_trans_m": {
          "rmse": 0.03929430662526342,
          "mean": 0.025422550593108426,
          "median": 0.01916113049640243,
          "std": 0.029962250491260885,
          "min": 0.0011921117146715832,
          "max": 0.8602882382233127
        },
        "RPE_rot_deg": {
          "rmse": 0.1696947870559776,
          "mean": 0.07057302597645704,
          "median": 0.04795697589566561,
          "std": 0.1543235845828495,
          "min": 0.0,
          "max": 4.634231762656791
        }
      },
      "10": {
        "count": 4531,
        "RPE_trans_m": {
          "rmse": 0.25395193850736797,
          "mean": 0.17113637530411915,
          "median": 0.13577800119111852,
          "std": 0.18762709857432025,
          "min": 0.008942087086569659,
          "max": 3.573240536660996
        },
        "RPE_rot_deg": {
          "rmse": 1.0604015324461327,
          "mean": 0.3815537619544042,
          "median": 0.2255026458720695,
          "std": 0.9893776512295741,
          "min": 0.007640321478703935,
          "max": 19.55873022058747
        }
      },
      "100": {
        "count": 4441,
        "RPE_trans_m": {
          "rmse": 2.652208791165187,
          "mean": 1.5413383055805436,
          "median": 1.1218224930189478,
          "std": 2.1583530062721437,
          "min": 0.06600975997628161,
          "max": 19.228247539103524
        },
        "RPE_rot_deg": {
          "rmse": 3.576660781455027,
          "mean": 2.1155842051110736,
          "median": 1.6378773234873119,
          "std": 2.8838872753079365,
          "min": 0.18029287116633455,
          "max": 20.867940261270046
        }
      }
    }
  }
}
