{
  "ATE": {
    "num_poses": 80,
    "align": "se3",
    "scale": 1.0,
    "ATE_trans_m": {
      "rmse": 0.2858847726127481,
      "mean": 0.2082843085510969,
      "median": 0.14405886382571734,
      "std": 0.19582581551785797,
      "min": 0.04554045313898518,
      "max": 1.196312896964369
    },
    "ATE_rot_deg": {
      "rmse": 31.52535724844343,
      "mean": 31.52245401703471,
      "median": 31.426540524893554,
      "std": 0.42783453100145785,
      "min": 30.971254340607647,
      "max": 32.3039407254854
    },
    "T_align": [
      [
        0.8533374621918137,
        0.5212701254249074,
        0.009624549835536844,
        -0.2712061658593541
      ],
      [
        -0.5198736090384635,
        0.852153790438781,
        -0.05971053563769695,
        0.08604171867179056
      ],
      [
        -0.039326915024670825,
        0.045949687488814624,
        0.9981693343187434,
        1.161984761385085
      ],
      [
        0.0,
        0.0,
        0.0,
        1.0
      ]
    ]
  },
  "RPE": {
    "align": "se3",
    "scale": 1.0,
    "deltas": {
      "1": {
        "count": 79,
        "RPE_trans_m": {
          "rmse": 0.04968076746127708,
          "mean": 0.03385293128360263,
          "median": 0.02282243004289248,
          "std": 0.03636148648019173,
          "min": 0.0033229560720533066,
          "max": 0.18517267931236223
        },
        "RPE_rot_deg": {
          "rmse": 0.09263771588128394,
          "mean": 0.07356401966439174,
          "median": 0.06257973472794898,
          "std": 0.05630347604294492,
          "min": 0.0,
          "max": 0.27323961442623546
        }
      },
      "10": {
        "count": 70,
        "RPE_trans_m": {
          "rmse": 0.28842288516589726,
          "mean": 0.20567020068126693,
          "median": 0.13743424658291517,
          "std": 0.20220664983908845,
          "min": 0.038383922315893715,
          "max": 1.1218037441198463
        },
        "RPE_rot_deg": {
          "rmse": 0.5203119091160965,
          "mean": 0.39441179793488645,
          "median": 0.28737074788008116,
          "std": 0.3393579473326169,
          "min": 0.05527766621689314,
          "max": 1.4531928666596894
        }
      }
    }
  }
}
