{
  "dataset_root": "/gpfs/accounts/rob530w26s001_class_root/rob530w26s001_class/shared_data/dataset",
  "sequences": [
    "00"
  ],
  "rows": [
    {
      "seq": "00",
      "mode": "base",
      "num_poses": 350,
      "accepted_transitions": 349,
      "fallback_transitions": 0,
      "loop_closures_added": 0,
      "ate_rmse_m": 0.6750148587913894,
      "ate_rot_rmse_deg": 1.3002798143341174,
      "rpe_trans_rmse_d1_m": 0.03171552152290622,
      "rpe_rot_rmse_d1_deg": 0.09404214625885034,
      "rpe_trans_rmse_d10_m": 0.17796908827753188,
      "rpe_rot_rmse_d10_deg": 0.4308884535873579,
      "rpe_trans_rmse_d100_m": 1.14855568934826,
      "rpe_rot_rmse_d100_deg": 1.924512511284202,
      "runtime_sec": 62.81371355056763
    }
  ],
  "details": {
    "00": {
      "runtime_sec": 62.81371355056763,
      "result": {
        "seq": "00",
        "mode": "base",
        "num_poses": 350,
        "accepted_transitions": 349,
        "fallback_transitions": 0,
        "loop_closures_added": 0,
        "loop_closure_pairs": [],
        "est_path": "output/loop_eval/base_batch_00_350/estimates/poses_est_00.txt",
        "metrics_path": "output/loop_eval/base_batch_00_350/metrics/metrics_00.json",
        "metrics": {
          "ATE": {
            "num_poses": 350,
            "align": "se3",
            "scale": 1.0,
            "ATE_trans_m": {
              "rmse": 0.6750148587913894,
              "mean": 0.6101616337788673,
              "median": 0.5940801742015722,
              "std": 0.2887002602240995,
              "min": 0.15562301237478074,
              "max": 1.907462603065008
            },
            "ATE_rot_deg": {
              "rmse": 1.3002798143341174,
              "mean": 1.1871180627283837,
              "median": 1.13041774371146,
              "std": 0.5305452861997513,
              "min": 0.34140717205938537,
              "max": 2.4052829263545004
            },
            "T_align": [
              [
                0.9996400220813859,
                -0.019908279239661524,
                0.017985735204394723,
                -0.20489901047092474
              ],
              [
                0.02002548790679917,
                0.9997792387568855,
                -0.00636031326245039,
                -0.7662142570785848
              ],
              [
                -0.017855141758652087,
                0.006718196812951349,
                0.9998180133126037,
                1.7347465779903075
              ],
              [
                0.0,
                0.0,
                0.0,
                1.0
              ]
            ]
          },
          "RPE": {
            "align": "se3",
            "scale": 1.0,
            "deltas": {
              "1": {
                "count": 349,
                "RPE_trans_m": {
                  "rmse": 0.03171552152290622,
                  "mean": 0.02223976770286854,
                  "median": 0.016658132276579907,
                  "std": 0.02261121487210214,
                  "min": 0.0013211252591109018,
                  "max": 0.18517267931235254
                },
                "RPE_rot_deg": {
                  "rmse": 0.09404214625885034,
                  "mean": 0.06880166604182035,
                  "median": 0.05638146208459631,
                  "std": 0.0641112784371114,
                  "min": 0.0,
                  "max": 0.6535066133157954
                }
              },
              "10": {
                "count": 340,
                "RPE_trans_m": {
                  "rmse": 0.17796908827753188,
                  "mean": 0.1348132060917145,
                  "median": 0.10905720997151586,
                  "std": 0.11618259699976094,
                  "min": 0.017589278258435034,
                  "max": 1.1218037441198045
                },
                "RPE_rot_deg": {
                  "rmse": 0.4308884535873579,
                  "mean": 0.3149895368189119,
                  "median": 0.20533045219588414,
                  "std": 0.2940177734925425,
                  "min": 0.04558302358958309,
                  "max": 1.4780664005468809
                }
              },
              "100": {
                "count": 250,
                "RPE_trans_m": {
                  "rmse": 1.14855568934826,
                  "mean": 1.0337829589403795,
                  "median": 0.7661075756779783,
                  "std": 0.5004727418538697,
                  "min": 0.4734087151643725,
                  "max": 2.215622825052877
                },
                "RPE_rot_deg": {
                  "rmse": 1.924512511284202,
                  "mean": 1.8273117060661106,
                  "median": 1.853140470694701,
                  "std": 0.6038876840631762,
                  "min": 0.7173235133925044,
                  "max": 3.2038451073455265
                }
              }
            }
          }
        }
      }
    }
  }
}
