{
  "ATE": {
    "num_poses": 350,
    "align": "se3",
    "scale": 1.0,
    "ATE_trans_m": {
      "rmse": 1.9043066632487866,
      "mean": 1.6755451940100907,
      "median": 1.448792211425788,
      "std": 0.904948711543043,
      "min": 0.4825141790128519,
      "max": 3.807018733730694
    },
    "ATE_rot_deg": {
      "rmse": 4.8928974453400755,
      "mean": 3.2352632496426317,
      "median": 2.376014827787211,
      "std": 3.6706289809959314,
      "min": 0.5019558007565199,
      "max": 16.041251592596957
    },
    "T_align": [
      [
        0.9997255863887515,
        -0.004424400305824873,
        0.02300383884487855,
        -0.02263788213667084
      ],
      [
        0.00434364998548916,
        0.999984232700799,
        0.0035590805831454964,
        -1.404415202660445
      ],
      [
        -0.023019222933688972,
        -0.0034581832987247312,
        0.9997290414626364,
        2.361789947415957
      ],
      [
        0.0,
        0.0,
        0.0,
        1.0
      ]
    ]
  },
  "RPE": {
    "align": "se3",
    "scale": 1.0,
    "deltas": {
      "1": {
        "count": 349,
        "RPE_trans_m": {
          "rmse": 0.1516927299720805,
          "mean": 0.09170344512776366,
          "median": 0.03661333844271613,
          "std": 0.12083527000872622,
          "min": 0.002845212188957727,
          "max": 0.9297235464798183
        },
        "RPE_rot_deg": {
          "rmse": 1.0481283096290053,
          "mean": 0.46600543193675675,
          "median": 0.16051857791610535,
          "std": 0.938835390710849,
          "min": 0.0,
          "max": 7.8310234049077865
        }
      },
      "10": {
        "count": 340,
        "RPE_trans_m": {
          "rmse": 0.5757171521295044,
          "mean": 0.3839335448865483,
          "median": 0.22090150497713668,
          "std": 0.4290049794197683,
          "min": 0.022882342129675888,
          "max": 2.739132123020853
        },
        "RPE_rot_deg": {
          "rmse": 3.6734702583503287,
          "mean": 1.871743102355623,
          "median": 0.6755693340239047,
          "std": 3.1608482244120135,
          "min": 0.04558302358958309,
          "max": 17.485908879240974
        }
      },
      "100": {
        "count": 250,
        "RPE_trans_m": {
          "rmse": 2.714253100426644,
          "mean": 2.1139477220319858,
          "median": 1.6102372883825984,
          "std": 1.7024673041475502,
          "min": 0.31495822212492397,
          "max": 7.023777883520612
        },
        "RPE_rot_deg": {
          "rmse": 6.999913943628096,
          "mean": 5.065481813750487,
          "median": 3.75807496393291,
          "std": 4.831116766624683,
          "min": 0.6825317309367014,
          "max": 19.276180885528177
        }
      }
    }
  }
}
