{
  "ATE": {
    "num_poses": 4541,
    "align": "se3",
    "scale": 1.0,
    "ATE_trans_m": {
      "rmse": 29.919338501598034,
      "mean": 24.750015800059707,
      "median": 23.094077301118887,
      "std": 16.81081599060561,
      "min": 3.5724444217629663,
      "max": 123.24646899579818
    },
    "ATE_rot_deg": {
      "rmse": 12.866760340645028,
      "mean": 9.375106655723036,
      "median": 7.861814064961684,
      "std": 8.812542020178592,
      "min": 0.5391270892645355,
      "max": 36.14472042512547
    },
    "T_align": [
      [
        0.820297876174535,
        -0.03940916870743719,
        0.5705771742414303,
        -110.98948288600533
      ],
      [
        0.04815596702130634,
        0.9988397988020988,
        -0.0002432472525713816,
        1.8522389330888105
      ],
      [
        -0.569905603748366,
        0.027676230790549844,
        0.8212439522245744,
        53.54993949169429
      ],
      [
        0.0,
        0.0,
        0.0,
        1.0
      ]
    ]
  },
  "RPE": {
    "align": "se3",
    "scale": 1.0,
    "deltas": {
      "1": {
        "count": 4540,
        "RPE_trans_m": {
          "rmse": 0.035401101766430236,
          "mean": 0.02520324605865961,
          "median": 0.019035634599534286,
          "std": 0.024860297552197735,
          "min": 0.0012304071965634777,
          "max": 0.31300843542917506
        },
        "RPE_rot_deg": {
          "rmse": 0.20077198906363017,
          "mean": 0.08994893059451713,
          "median": 0.052188474187603195,
          "std": 0.17949535224475638,
          "min": 0.0,
          "max": 3.5736793613769247
        }
      },
      "10": {
        "count": 4531,
        "RPE_trans_m": {
          "rmse": 0.2591253712935301,
          "mean": 0.1772236766116729,
          "median": 0.13675643776032056,
          "std": 0.18904424481123727,
          "min": 0.010342341426269783,
          "max": 2.8346754727905292
        },
        "RPE_rot_deg": {
          "rmse": 1.5399522195595314,
          "mean": 0.5743897383830685,
          "median": 0.24254019531043255,
          "std": 1.4288209359351358,
          "min": 0.011720362830656497,
          "max": 26.957193640626837
        }
      },
      "100": {
        "count": 4441,
        "RPE_trans_m": {
          "rmse": 4.82124782411222,
          "mean": 2.45469367705272,
          "median": 1.2041638426643853,
          "std": 4.149567391107682,
          "min": 0.08022581485691894,
          "max": 29.30573384327679
        },
        "RPE_rot_deg": {
          "rmse": 6.826825428863136,
          "mean": 3.4876081499119906,
          "median": 1.7659912399205167,
          "std": 5.868742184560486,
          "min": 0.22445786525365305,
          "max": 42.58657110417815
        }
      }
    }
  }
}
