{
  "ATE": {
    "num_poses": 25,
    "align": "se3",
    "scale": 1.0,
    "ATE_trans_m": {
      "rmse": 0.34588668202042927,
      "mean": 0.27915372111637626,
      "median": 0.22602456385363817,
      "std": 0.20423221289988008,
      "min": 0.05278984286269295,
      "max": 0.9532199767604098
    },
    "ATE_rot_deg": {
      "rmse": 12.908332635078816,
      "mean": 12.907108820742437,
      "median": 12.864867576513161,
      "std": 0.1777450628107639,
      "min": 12.581638617477198,
      "max": 13.177642626425177
    },
    "T_align": [
      [
        0.9760260605849334,
        -0.21758922708488432,
        -0.0052969156741119626,
        -0.15523118256375462
      ],
      [
        0.2175332530375193,
        0.9760065539477608,
        -0.009512648102995618,
        -0.06539899868185411
      ],
      [
        0.00723967416190295,
        0.008132337156042505,
        0.9999407243484035,
        0.9382188310977266
      ],
      [
        0.0,
        0.0,
        0.0,
        1.0
      ]
    ]
  },
  "RPE": {
    "align": "se3",
    "scale": 1.0,
    "deltas": {
      "1": {
        "count": 24,
        "RPE_trans_m": {
          "rmse": 0.08112661922515958,
          "mean": 0.060162597143328944,
          "median": 0.031007974905559094,
          "std": 0.054424169739864116,
          "min": 0.011978708415771354,
          "max": 0.1851726793123523
        },
        "RPE_rot_deg": {
          "rmse": 0.139750259103847,
          "mean": 0.11522229158261299,
          "median": 0.10138499598798831,
          "std": 0.079081972927107,
          "min": 0.0,
          "max": 0.2732396144289032
        }
      },
      "10": {
        "count": 15,
        "RPE_trans_m": {
          "rmse": 0.5470710863412344,
          "mean": 0.44707112315626685,
          "median": 0.3231219095369262,
          "std": 0.315300149619965,
          "min": 0.13709145758708519,
          "max": 1.1218037441198037
        },
        "RPE_rot_deg": {
          "rmse": 0.9758128607541972,
          "mean": 0.8550964754076289,
          "median": 0.9645328005495032,
          "std": 0.4701284472979062,
          "min": 0.1211340396687992,
          "max": 1.4531928666591878
        }
      }
    }
  }
}
