{
  "ATE": {
    "num_poses": 25,
    "align": "se3",
    "scale": 1.0,
    "ATE_trans_m": {
      "rmse": 0.24594100293390522,
      "mean": 0.2110170938200632,
      "median": 0.21461377500290277,
      "std": 0.12632799784635954,
      "min": 0.017580500957184986,
      "max": 0.5625082614205196
    },
    "ATE_rot_deg": {
      "rmse": 90.71980686628545,
      "mean": 90.71979931779296,
      "median": 90.71855125398538,
      "std": 0.03700804644998655,
      "min": 90.66210654912804,
      "max": 90.80276823384078
    },
    "T_align": [
      [
        0.014522310534070037,
        0.9997239060517504,
        0.01847198325526706,
        0.03023967174849014
      ],
      [
        -0.9413018147930424,
        0.01990004295548203,
        -0.3369790524019171,
        0.2169891076736854
      ],
      [
        -0.3372536077851147,
        -0.01249399691855179,
        0.9413309216619433,
        0.365113537986983
      ],
      [
        0.0,
        0.0,
        0.0,
        1.0
      ]
    ]
  },
  "RPE": {
    "align": "se3",
    "scale": 1.0,
    "deltas": {
      "1": {
        "count": 24,
        "RPE_trans_m": {
          "rmse": 0.1896570749547794,
          "mean": 0.18897180888794587,
          "median": 0.1860478547781534,
          "std": 0.016107809473061726,
          "min": 0.16380838394194994,
          "max": 0.24169725866772937
        },
        "RPE_rot_deg": {
          "rmse": 0.039568140297974785,
          "mean": 0.036625093745151854,
          "median": 0.034815559216518854,
          "std": 0.014974653077752916,
          "min": 0.0,
          "max": 0.062239501791432526
        }
      },
      "10": {
        "count": 15,
        "RPE_trans_m": {
          "rmse": 1.8437362100126125,
          "mean": 1.842639771948356,
          "median": 1.8460229464639282,
          "std": 0.06357580471988904,
          "min": 1.7425111433225742,
          "max": 1.9501413080101
        },
        "RPE_rot_deg": {
          "rmse": 0.201147888735499,
          "mean": 0.19340072935005093,
          "median": 0.21558361154402267,
          "std": 0.05528680701231565,
          "min": 0.08121643995918046,
          "max": 0.25424196052420367
        }
      }
    }
  }
}
