{
  "ATE": {
    "num_poses": 25,
    "align": "se3",
    "scale": 1.0,
    "ATE_trans_m": {
      "rmse": 0.03413043982038093,
      "mean": 0.028816010914228998,
      "median": 0.025012159627547638,
      "std": 0.018290009221530738,
      "min": 0.006523835100274,
      "max": 0.09062435471659622
    },
    "ATE_rot_deg": {
      "rmse": 2.984693397538418,
      "mean": 2.983946285044389,
      "median": 2.964380772545989,
      "std": 0.0667775806630706,
      "min": 2.8908061428882457,
      "max": 3.20633054917623
    },
    "T_align": [
      [
        0.9986690731781802,
        0.05009789561623576,
        0.012259002090672069,
        -0.04193329554846137
      ],
      [
        -0.04996998068212532,
        0.9986952362487115,
        -0.010527398765074086,
        0.0013941007274055062
      ],
      [
        -0.01277040751356033,
        0.00990080547004011,
        0.9998694368481227,
        -0.013206934545982207
      ],
      [
        0.0,
        0.0,
        0.0,
        1.0
      ]
    ]
  },
  "RPE": {
    "align": "se3",
    "scale": 1.0,
    "deltas": {
      "1": {
        "count": 24,
        "RPE_trans_m": {
          "rmse": 0.014948956634211426,
          "mean": 0.012421725489917034,
          "median": 0.01206740510938778,
          "std": 0.008316973025366813,
          "min": 0.0025304362518057803,
          "max": 0.031976720195995414
        },
        "RPE_rot_deg": {
          "rmse": 0.05903052939633852,
          "mean": 0.05180568949278174,
          "median": 0.042749779177598236,
          "std": 0.028297949342478337,
          "min": 0.0,
          "max": 0.11824347036058065
        }
      },
      "10": {
        "count": 15,
        "RPE_trans_m": {
          "rmse": 0.05609546698711386,
          "mean": 0.049265294802773835,
          "median": 0.03796257735875947,
          "std": 0.0268259602716877,
          "min": 0.022156523780270443,
          "max": 0.117466665031632
        },
        "RPE_rot_deg": {
          "rmse": 0.29214545079887366,
          "mean": 0.2605249908967458,
          "median": 0.24526481603631556,
          "std": 0.13219566384994502,
          "min": 0.06724280338779028,
          "max": 0.5030599912749188
        }
      }
    }
  }
}
