{
  "ATE": {
    "num_poses": 25,
    "align": "se3",
    "scale": 1.0,
    "ATE_trans_m": {
      "rmse": 0.058135287087796174,
      "mean": 0.05565641273793185,
      "median": 0.054759855544419644,
      "std": 0.016795098270788927,
      "min": 0.032924288497690885,
      "max": 0.10297347947273244
    },
    "ATE_rot_deg": {
      "rmse": 3.8469073943941785,
      "mean": 3.8359013521210126,
      "median": 3.9070576052131862,
      "std": 0.2907874100451935,
      "min": 3.3775098659789875,
      "max": 4.205613653599154
    },
    "T_align": [
      [
        0.9990449029476817,
        0.032319452753477654,
        0.029406374614575775,
        0.01184515929748331
      ],
      [
        -0.03345707334207867,
        0.998676838394276,
        0.0390537667606567,
        0.0021784242531883644
      ],
      [
        -0.028105268859055448,
        -0.04000031785534591,
        0.998804319390856,
        -0.030642379836911093
      ],
      [
        0.0,
        0.0,
        0.0,
        1.0
      ]
    ]
  },
  "RPE": {
    "align": "se3",
    "scale": 1.0,
    "deltas": {
      "1": {
        "count": 24,
        "RPE_trans_m": {
          "rmse": 0.026051652049781295,
          "mean": 0.02040601887088089,
          "median": 0.016070802097799423,
          "std": 0.016195152619352716,
          "min": 0.0060506967417398,
          "max": 0.07851869667069634
        },
        "RPE_rot_deg": {
          "rmse": 0.0633819138353802,
          "mean": 0.055667348040871666,
          "median": 0.0451332353861007,
          "std": 0.030305335562108866,
          "min": 0.0,
          "max": 0.14209880405496114
        }
      },
      "10": {
        "count": 15,
        "RPE_trans_m": {
          "rmse": 0.15633415323046915,
          "mean": 0.14713870540277693,
          "median": 0.17680192858406563,
          "std": 0.05282583495490276,
          "min": 0.0372817895330144,
          "max": 0.19216708690481468
        },
        "RPE_rot_deg": {
          "rmse": 0.5088981188123507,
          "mean": 0.49720425358466,
          "median": 0.5300504349474379,
          "std": 0.10846762442346826,
          "min": 0.2634041787239358,
          "max": 0.6200157862014152
        }
      }
    }
  }
}
