{
  "ATE": {
    "num_poses": 25,
    "align": "se3",
    "scale": 1.0,
    "ATE_trans_m": {
      "rmse": 0.030266988833818627,
      "mean": 0.02866948216284761,
      "median": 0.02581813792924777,
      "std": 0.00970316471985631,
      "min": 0.020078793422226522,
      "max": 0.0649414767431719
    },
    "ATE_rot_deg": {
      "rmse": 0.6552448333536663,
      "mean": 0.6549896311262756,
      "median": 0.6468996363813572,
      "std": 0.018285916814291765,
      "min": 0.6284246316273084,
      "max": 0.694281139788254
    },
    "T_align": [
      [
        0.9999386547299898,
        0.0029319495903803896,
        0.010681313045592973,
        0.014752464584118608
      ],
      [
        -0.002966890156822618,
        0.9999902953261083,
        0.003256810771326344,
        -0.004381813174704218
      ],
      [
        -0.010671660581926246,
        -0.003288301263927454,
        0.9999376494238139,
        0.01806661864634762
      ],
      [
        0.0,
        0.0,
        0.0,
        1.0
      ]
    ]
  },
  "RPE": {
    "align": "se3",
    "scale": 1.0,
    "deltas": {
      "1": {
        "count": 24,
        "RPE_trans_m": {
          "rmse": 0.008461819226526543,
          "mean": 0.007834244363560366,
          "median": 0.0078317599772731,
          "std": 0.003197968085274914,
          "min": 0.0027886990461043377,
          "max": 0.01600146518548538
        },
        "RPE_rot_deg": {
          "rmse": 0.03614716176718392,
          "mean": 0.02850559697943729,
          "median": 0.01881866976147778,
          "std": 0.022227196059531634,
          "min": 0.004699108412614387,
          "max": 0.09273760982983745
        }
      },
      "10": {
        "count": 15,
        "RPE_trans_m": {
          "rmse": 0.055660921946757744,
          "mean": 0.055479588602058115,
          "median": 0.0557633282816084,
          "std": 0.004489262802447702,
          "min": 0.048626229342449076,
          "max": 0.06561656871363754
        },
        "RPE_rot_deg": {
          "rmse": 0.13153024909129832,
          "mean": 0.11102220811439492,
          "median": 0.08106281927676175,
          "std": 0.070528545507638,
          "min": 0.032423708769405826,
          "max": 0.24721097605174344
        }
      }
    }
  }
}
