{
  "ATE": {
    "num_poses": 25,
    "align": "se3",
    "scale": 1.0,
    "ATE_trans_m": {
      "rmse": 0.02698248679562389,
      "mean": 0.02377484863941226,
      "median": 0.023011019558364765,
      "std": 0.012759747875606901,
      "min": 0.005396690966125519,
      "max": 0.05732494393446517
    },
    "ATE_rot_deg": {
      "rmse": 62.615009367147884,
      "mean": 62.615003539920345,
      "median": 62.607793913415584,
      "std": 0.02701377020703467,
      "min": 62.581689007771026,
      "max": 62.693196513331486
    },
    "T_align": [
      [
        0.4591424999359171,
        0.8882938980240496,
        -0.011050587578742978,
        -0.0002534873426751627
      ],
      [
        -0.8881823195044812,
        0.45876317650935633,
        -0.025855660863442157,
        0.008946849986773836
      ],
      [
        -0.01789782311445577,
        0.02168636927391199,
        0.9996046064897256,
        0.02935608564074954
      ],
      [
        0.0,
        0.0,
        0.0,
        1.0
      ]
    ]
  },
  "RPE": {
    "align": "se3",
    "scale": 1.0,
    "deltas": {
      "1": {
        "count": 24,
        "RPE_trans_m": {
          "rmse": 0.026058508300257,
          "mean": 0.022644518500330436,
          "median": 0.023245520137143413,
          "std": 0.012894635967050623,
          "min": 0.002365994765704366,
          "max": 0.04516315444053309
        },
        "RPE_rot_deg": {
          "rmse": 0.033560638484970255,
          "mean": 0.026824868517173278,
          "median": 0.02334595465425584,
          "std": 0.020167867625389465,
          "min": 0.0,
          "max": 0.06757419177540454
        }
      },
      "10": {
        "count": 15,
        "RPE_trans_m": {
          "rmse": 0.1718263393135688,
          "mean": 0.16647197760353913,
          "median": 0.17744483778496298,
          "std": 0.04256021093308224,
          "min": 0.07841257305509343,
          "max": 0.22291038292581114
        },
        "RPE_rot_deg": {
          "rmse": 0.1075993663690809,
          "mean": 0.090883206723865,
          "median": 0.08489540767040975,
          "std": 0.05760092341807481,
          "min": 0.01568671013385453,
          "max": 0.1841835925402481
        }
      }
    }
  }
}
