{
  "ATE": {
    "num_poses": 4541,
    "align": "se3",
    "scale": 1.0,
    "ATE_trans_m": {
      "rmse": 30.156565327903916,
      "mean": 24.95766434281247,
      "median": 23.27878562880084,
      "std": 16.927298157935414,
      "min": 3.5609993330956784,
      "max": 124.2643728210887
    },
    "ATE_rot_deg": {
      "rmse": 12.957248351270334,
      "mean": 9.429438359289913,
      "median": 7.931058155905052,
      "std": 8.886842918880118,
      "min": 0.5296931036015212,
      "max": 36.40336998989895
    },
    "T_align": [
      [
        0.8177313609747737,
        -0.03865400887505599,
        0.5743006955212852,
        -111.77998674461196
      ],
      [
        0.04742393479390664,
        0.9988748086103982,
        -0.0002951816461762365,
        1.8902979635194948
      ],
      [
        -0.5736430873696707,
        0.027476978025758957,
        0.8186443818848111,
        54.252149170351004
      ],
      [
        0.0,
        0.0,
        0.0,
        1.0
      ]
    ]
  },
  "RPE": {
    "align": "se3",
    "scale": 1.0,
    "deltas": {
      "1": {
        "count": 4540,
        "RPE_trans_m": {
          "rmse": 0.03559262665744535,
          "mean": 0.025214639014152804,
          "median": 0.01895747656711195,
          "std": 0.02512084894589059,
          "min": 0.0012293417645964856,
          "max": 0.31603526012843275
        },
        "RPE_rot_deg": {
          "rmse": 0.20195199899724797,
          "mean": 0.09008772240120719,
          "median": 0.05206977671541649,
          "std": 0.1807451580860397,
          "min": 0.0,
          "max": 3.4307231750493385
        }
      },
      "10": {
        "count": 4531,
        "RPE_trans_m": {
          "rmse": 0.2621031521939598,
          "mean": 0.17782805158709694,
          "median": 0.13647083959313275,
          "std": 0.19254933512932948,
          "min": 0.010342341426252373,
          "max": 2.89349168216851
        },
        "RPE_rot_deg": {
          "rmse": 1.5488071772662508,
          "mean": 0.5739924256417996,
          "median": 0.24286705988463367,
          "std": 1.4385188103244584,
          "min": 0.014810054578727225,
          "max": 27.334042461498242
        }
      },
      "100": {
        "count": 4441,
        "RPE_trans_m": {
          "rmse": 4.849953202820438,
          "mean": 2.4616979337215743,
          "median": 1.2243985813697387,
          "std": 4.178766486974255,
          "min": 0.07002806760654112,
          "max": 29.75242852914907
        },
        "RPE_rot_deg": {
          "rmse": 6.864695077072492,
          "mean": 3.49246007373808,
          "median": 1.7657465371114727,
          "std": 5.909886727724035,
          "min": 0.2989895637196286,
          "max": 42.67002106208359
        }
      }
    }
  }
}
