{
  "ATE": {
    "num_poses": 4541,
    "align": "se3",
    "scale": 1.0,
    "ATE_trans_m": {
      "rmse": 32.751896365772446,
      "mean": 28.05279079466905,
      "median": 22.48986386649949,
      "std": 16.903480238839272,
      "min": 8.090325703562456,
      "max": 67.3567857487552
    },
    "ATE_rot_deg": {
      "rmse": 10.49450984014911,
      "mean": 9.070347930762388,
      "median": 7.680052649297122,
      "std": 5.278591213562667,
      "min": 0.6657902244011896,
      "max": 18.63758460266419
    },
    "T_align": [
      [
        0.9576430999242548,
        -0.07956826696645458,
        0.2767464255585214,
        -55.40007064818024
      ],
      [
        0.10075049788681176,
        0.9929049074141467,
        -0.06315997156794535,
        18.30701028084895
      ],
      [
        -0.269757354567068,
        0.08836705112687172,
        0.95886507597895,
        21.758250626422523
      ],
      [
        0.0,
        0.0,
        0.0,
        1.0
      ]
    ]
  },
  "RPE": {
    "align": "se3",
    "scale": 1.0,
    "deltas": {
      "1": {
        "count": 4540,
        "RPE_trans_m": {
          "rmse": 0.03324314500518954,
          "mean": 0.024571414591260436,
          "median": 0.01910514854077692,
          "std": 0.02239089714192917,
          "min": 0.0011918350803306072,
          "max": 0.3130143667724616
        },
        "RPE_rot_deg": {
          "rmse": 0.11921001621955003,
          "mean": 0.06555316272322052,
          "median": 0.047449463502873615,
          "std": 0.0995681215251566,
          "min": 0.0,
          "max": 2.20723864240038
        }
      },
      "10": {
        "count": 4531,
        "RPE_trans_m": {
          "rmse": 0.21080936245831827,
          "mean": 0.16299211246251524,
          "median": 0.1350560832134958,
          "std": 0.13369427278342702,
          "min": 0.008942087086647559,
          "max": 1.5403852759577166
        },
        "RPE_rot_deg": {
          "rmse": 0.6725117158937729,
          "mean": 0.33206856523129313,
          "median": 0.21842486712918519,
          "std": 0.584809777619712,
          "min": 0.0,
          "max": 7.193438365654527
        }
      },
      "100": {
        "count": 4441,
        "RPE_trans_m": {
          "rmse": 1.4464536851323526,
          "mean": 1.1766245988665762,
          "median": 1.00060005854798,
          "std": 0.8412982922691761,
          "min": 0.1437103332186678,
          "max": 10.717420188215293
        },
        "RPE_rot_deg": {
          "rmse": 1.8186590678172825,
          "mean": 1.6258059635129714,
          "median": 1.5048844183605794,
          "std": 0.8150311490732646,
          "min": 0.10469968119724411,
          "max": 8.508921271171959
        }
      }
    }
  }
}
