{
  "ATE": {
    "num_poses": 25,
    "align": "se3",
    "scale": 1.0,
    "ATE_trans_m": {
      "rmse": 0.14926810841672505,
      "mean": 0.1377305634270281,
      "median": 0.13146878719181554,
      "std": 0.0575435494941056,
      "min": 0.05696379936975126,
      "max": 0.275317389540454
    },
    "ATE_rot_deg": {
      "rmse": 76.28540531279371,
      "mean": 76.28533038861917,
      "median": 76.31281234421702,
      "std": 0.10691696044366444,
      "min": 76.10657408288947,
      "max": 76.4232782328545
    },
    "T_align": [
      [
        0.23481124510229406,
        0.9719773948685905,
        0.011118589747766557,
        -0.02405698050408433
      ],
      [
        -0.971859649987701,
        0.23497301465005505,
        -0.016628382724966848,
        -0.07499577511921984
      ],
      [
        -0.01877498067358111,
        -0.00690117748893463,
        0.9997999169083648,
        -0.26381160017456295
      ],
      [
        0.0,
        0.0,
        0.0,
        1.0
      ]
    ]
  },
  "RPE": {
    "align": "se3",
    "scale": 1.0,
    "deltas": {
      "1": {
        "count": 24,
        "RPE_trans_m": {
          "rmse": 0.041277077210523705,
          "mean": 0.0377910280089172,
          "median": 0.03750252006061386,
          "std": 0.016602268070139425,
          "min": 0.010330676070165292,
          "max": 0.06794445604044605
        },
        "RPE_rot_deg": {
          "rmse": 0.07115141615828104,
          "mean": 0.06247397429772537,
          "median": 0.059082997896355474,
          "std": 0.03405182163667672,
          "min": 0.022570094720023286,
          "max": 0.1713262219072224
        }
      },
      "10": {
        "count": 15,
        "RPE_trans_m": {
          "rmse": 0.2619612978540392,
          "mean": 0.2573725297232448,
          "median": 0.24548289551221372,
          "std": 0.048817031016133126,
          "min": 0.18965364846903401,
          "max": 0.33403642966976665
        },
        "RPE_rot_deg": {
          "rmse": 0.37613848965244334,
          "mean": 0.34904239291731654,
          "median": 0.3529862897337707,
          "std": 0.14017692871715653,
          "min": 0.13951113992719258,
          "max": 0.555174165531132
        }
      }
    }
  }
}
