{
  "ATE": {
    "num_poses": 25,
    "align": "se3",
    "scale": 1.0,
    "ATE_trans_m": {
      "rmse": 0.12465483035536505,
      "mean": 0.10680471284805104,
      "median": 0.09408894480213104,
      "std": 0.06427736805727349,
      "min": 0.03502167139068289,
      "max": 0.2813648720713855
    },
    "ATE_rot_deg": {
      "rmse": 19.68795610402794,
      "mean": 19.686123620613976,
      "median": 19.51082479878907,
      "std": 0.2686118910910692,
      "min": 19.393466130947353,
      "max": 20.160930790658195
    },
    "T_align": [
      [
        0.9388355825505654,
        0.34436335842589705,
        -0.001275268825449309,
        -0.07601692875348655
      ],
      [
        -0.3443637257331265,
        0.9388111064319673,
        -0.0068797412150481815,
        0.023984491343110703
      ],
      [
        -0.00117189425289664,
        0.006898102175469778,
        0.9999755211255106,
        -0.2698376585164617
      ],
      [
        0.0,
        0.0,
        0.0,
        1.0
      ]
    ]
  },
  "RPE": {
    "align": "se3",
    "scale": 1.0,
    "deltas": {
      "1": {
        "count": 24,
        "RPE_trans_m": {
          "rmse": 0.035866483957884616,
          "mean": 0.028716416982700083,
          "median": 0.021578066157877072,
          "std": 0.02148888240874543,
          "min": 0.005419608151055898,
          "max": 0.0929224161177203
        },
        "RPE_rot_deg": {
          "rmse": 0.08638491999473104,
          "mean": 0.0720862481389782,
          "median": 0.07071104685979152,
          "std": 0.04760175660353034,
          "min": 0.0,
          "max": 0.1535413798063126
        }
      },
      "10": {
        "count": 15,
        "RPE_trans_m": {
          "rmse": 0.19148630784023093,
          "mean": 0.18240419131747934,
          "median": 0.16422265938801567,
          "std": 0.0582727816403171,
          "min": 0.10062675118702928,
          "max": 0.3480478146663089
        },
        "RPE_rot_deg": {
          "rmse": 0.45791065100224115,
          "mean": 0.3997727664774906,
          "median": 0.4927679087831599,
          "std": 0.2233022603652502,
          "min": 0.06531092363319953,
          "max": 0.6925104248161463
        }
      }
    }
  }
}
