{
  "ATE": {
    "num_poses": 25,
    "align": "se3",
    "scale": 1.0,
    "ATE_trans_m": {
      "rmse": 0.5270888514812331,
      "mean": 0.4426931624011391,
      "median": 0.4417460341577477,
      "std": 0.28608638786052726,
      "min": 0.0927296606666112,
      "max": 1.1306523937133761
    },
    "ATE_rot_deg": {
      "rmse": 1.307363893087565,
      "mean": 1.305923691760801,
      "median": 1.3130717766543467,
      "std": 0.061348677629712,
      "min": 1.153311423211304,
      "max": 1.4414083756185467
    },
    "T_align": [
      [
        0.9999005524984462,
        -0.0038632596511694543,
        0.01356319793302482,
        -0.31234542637542173
      ],
      [
        0.004057610624086642,
        0.9998890710509101,
        -0.014331133555018222,
        0.019726405049321938
      ],
      [
        -0.013506328491713498,
        0.014384742535621307,
        0.9998053101843671,
        -0.7641388069371136
      ],
      [
        0.0,
        0.0,
        0.0,
        1.0
      ]
    ]
  },
  "RPE": {
    "align": "se3",
    "scale": 1.0,
    "deltas": {
      "1": {
        "count": 24,
        "RPE_trans_m": {
          "rmse": 0.10099603121967371,
          "mean": 0.08876172435455909,
          "median": 0.08055789071911998,
          "std": 0.048182513547246376,
          "min": 0.019551028980497487,
          "max": 0.24099280926702293
        },
        "RPE_rot_deg": {
          "rmse": 0.0635021248881941,
          "mean": 0.05707730570441689,
          "median": 0.05623840437249264,
          "std": 0.027833451795282932,
          "min": 0.0,
          "max": 0.12281939789417531
        }
      },
      "10": {
        "count": 15,
        "RPE_trans_m": {
          "rmse": 0.7441664933305638,
          "mean": 0.7322644630677094,
          "median": 0.728048395432076,
          "std": 0.13256140435310487,
          "min": 0.5804919191507856,
          "max": 1.1199890407367465
        },
        "RPE_rot_deg": {
          "rmse": 0.27907691980357824,
          "mean": 0.24910708469055348,
          "median": 0.20910746154172646,
          "std": 0.12581568870385856,
          "min": 0.11696121869788967,
          "max": 0.5357695425556173
        }
      }
    }
  }
}
