{
  "ATE": {
    "num_poses": 25,
    "align": "se3",
    "scale": 1.0,
    "ATE_trans_m": {
      "rmse": 0.08443124431441751,
      "mean": 0.07629728185443345,
      "median": 0.07315717127531267,
      "std": 0.03615743074536682,
      "min": 0.02023250803588304,
      "max": 0.16529925965674924
    },
    "ATE_rot_deg": {
      "rmse": 156.813388639474,
      "mean": 156.81338525250632,
      "median": 156.81010057595017,
      "std": 0.03259208098811946,
      "min": 156.76469332940658,
      "max": 156.90303754437804
    },
    "T_align": [
      [
        -0.9188067378576431,
        -0.3931966980306409,
        -0.034504132001790026,
        0.08407439535113825
      ],
      [
        0.3938828419131147,
        -0.9190251495973536,
        -0.01578230825988056,
        -0.044639001211062346
      ],
      [
        -0.025504613579585562,
        -0.028091476738734897,
        0.9992799325618384,
        0.13513956067816935
      ],
      [
        0.0,
        0.0,
        0.0,
        1.0
      ]
    ]
  },
  "RPE": {
    "align": "se3",
    "scale": 1.0,
    "deltas": {
      "1": {
        "count": 24,
        "RPE_trans_m": {
          "rmse": 0.02952592028314398,
          "mean": 0.026255919316154768,
          "median": 0.022720117338660636,
          "std": 0.013505801324991584,
          "min": 0.007592733939509059,
          "max": 0.053815512076701606
        },
        "RPE_rot_deg": {
          "rmse": 0.03612475077627647,
          "mean": 0.03334358071742536,
          "median": 0.030217882977803173,
          "std": 0.013899756961494942,
          "min": 0.0,
          "max": 0.060793601951869634
        }
      },
      "10": {
        "count": 15,
        "RPE_trans_m": {
          "rmse": 0.1399737099814679,
          "mean": 0.13524124786305988,
          "median": 0.12767518469922437,
          "std": 0.03608939404338199,
          "min": 0.06401293199072706,
          "max": 0.20649714570343586
        },
        "RPE_rot_deg": {
          "rmse": 0.12174902307380499,
          "mean": 0.11366692873308105,
          "median": 0.1197446112093138,
          "std": 0.043619421497935636,
          "min": 0.038547434167368805,
          "max": 0.1841583301831447
        }
      }
    }
  }
}
