{
  "ATE": {
    "num_poses": 25,
    "align": "se3",
    "scale": 1.0,
    "ATE_trans_m": {
      "rmse": 0.08751381310190298,
      "mean": 0.0749154968452169,
      "median": 0.07213337778461248,
      "std": 0.04523644345070799,
      "min": 0.002401445860785747,
      "max": 0.152477403810267
    },
    "ATE_rot_deg": {
      "rmse": 37.39590940688566,
      "mean": 37.39588837395438,
      "median": 37.38680917650849,
      "std": 0.039662207990765225,
      "min": 37.342334712299476,
      "max": 37.5169928009424
    },
    "T_align": [
      [
        0.7952526849297444,
        0.6062463431014481,
        0.006207945566264579,
        0.005259012821181908
      ],
      [
        -0.6058924469410223,
        0.7950702996384341,
        -0.027523832812155705,
        0.05594767128862885
      ],
      [
        -0.02162197613201416,
        0.01812705461380349,
        0.9996018707661442,
        -0.136594122989381
      ],
      [
        0.0,
        0.0,
        0.0,
        1.0
      ]
    ]
  },
  "RPE": {
    "align": "se3",
    "scale": 1.0,
    "deltas": {
      "1": {
        "count": 24,
        "RPE_trans_m": {
          "rmse": 0.020475397633694655,
          "mean": 0.018741940183140435,
          "median": 0.01753372564409838,
          "std": 0.008245094688934423,
          "min": 0.005391383745665976,
          "max": 0.039826275240811684
        },
        "RPE_rot_deg": {
          "rmse": 0.03930842394845552,
          "mean": 0.034761255930661455,
          "median": 0.03168045855275646,
          "std": 0.01835230992094906,
          "min": 0.0,
          "max": 0.06744478878717282
        }
      },
      "10": {
        "count": 15,
        "RPE_trans_m": {
          "rmse": 0.13771407118595683,
          "mean": 0.13686005606314475,
          "median": 0.13374430306382465,
          "std": 0.015313081238067655,
          "min": 0.11114667429877657,
          "max": 0.16857827551297055
        },
        "RPE_rot_deg": {
          "rmse": 0.10475864160119075,
          "mean": 0.10235434411714638,
          "median": 0.10355746332624113,
          "std": 0.02231504493554774,
          "min": 0.07632430154861267,
          "max": 0.16283200581785126
        }
      }
    }
  }
}
